,name,review_score,reviewers,final_price,discount,ori_price,release_date,id,link
0,Red Dead Redemption 2,90,"386,611",3728.67,67,"11.299,00",2019 年 12 月 6 日,1174180,https://store.steampowered.com/app/1174180/Red_Dead_Redemption_2/?snr=1_7_7_2300_150_1
1,潜水员戴夫 DAVE THE DIVER,97,"26,985",1260.0,10,"1.400,00",2023 年 6 月 28 日,1868140,https://store.steampowered.com/app/1868140/_DAVE_THE_DIVER/?snr=1_7_7_2300_150_1
2,艾尔登法环,92,"514,148",6019.3,30,"8.599,00",2022 年 2 月 25 日,1245620,https://store.steampowered.com/app/1245620/_/?snr=1_7_7_2300_150_1
3,极限竞速：地平线 5,88,"117,108",4999.5,50,"9.999,00",2021 年 11 月 9 日,1551360,https://store.steampowered.com/app/1551360/_5/?snr=1_7_7_2300_150_1
4,Grand Theft Auto V,86,"1,444,427",0.0,,,2015 年 4 月 14 日,271590,https://store.steampowered.com/app/271590/Grand_Theft_Auto_V/?snr=1_7_7_2300_150_1
5,赛博朋克 2077,79,"545,282",4999.5,50,"9.999,00",2020 年 12 月 10 日,1091500,https://store.steampowered.com/app/1091500/_2077/?snr=1_7_7_2300_150_1
6,Sid Meier’s Civilization® VI,85,"195,166",50.39,90,"503,99",2016 年 10 月 21 日,289070,https://store.steampowered.com/app/289070/Sid_Meiers_Civilization_VI/?snr=1_7_7_2300_150_1
7,霍格沃茨之遗,92,"151,352",7199.2,20,"8.999,00",2023 年 2 月 11 日,990080,https://store.steampowered.com/app/990080/_/?snr=1_7_7_2300_150_1
8,EA SPORTS™《FIFA 23》,53,"102,099",2249.75,75,"8.999,00",2022 年 9 月 30 日,1811260,https://store.steampowered.com/app/1811260/EA_SPORTSFIFA_23/?snr=1_7_7_2300_150_1
9,Sons Of The Forest,83,"121,569",1680.0,20,"2.100,00",2023 年 2 月 24 日,1326470,https://store.steampowered.com/app/1326470/Sons_Of_The_Forest/?snr=1_7_7_2300_150_1
10,Tom Clancy's Rainbow Six® Siege,86,"972,714",799.6,60,"1.999,00",2015 年 12 月 2 日,359550,https://store.steampowered.com/app/359550/Tom_Clancys_Rainbow_Six_Siege/?snr=1_7_7_2300_150_1
11,Project Zomboid,94,"161,117",938.0,33,"1.400,00",2013 年 11 月 9 日,108600,https://store.steampowered.com/app/108600/Project_Zomboid/?snr=1_7_7_2300_150_1
12,Stellaris,88,"106,193",650.0,75,"2.600,00",2016 年 5 月 9 日,281990,https://store.steampowered.com/app/281990/Stellaris/?snr=1_7_7_2300_150_1
13,Euro Truck Simulator 2,97,"478,441",274.75,75,"1.099,00",2012 年 10 月 13 日,227300,https://store.steampowered.com/app/227300/Euro_Truck_Simulator_2/?snr=1_7_7_2300_150_1
14,Sekiro™: Shadows Die Twice - GOTY Edition,94,"171,246",649.5,50,"1.299,00",2019 年 3 月 22 日,814380,https://store.steampowered.com/app/814380/Sekiro_Shadows_Die_Twice__GOTY_Edition/?snr=1_7_7_2300_150_1
15,Cities: Skylines,93,"174,906",630.0,70,"2.100,00",2015 年 3 月 11 日,255710,https://store.steampowered.com/app/255710/Cities_Skylines/?snr=1_7_7_2300_150_1
16,Raft,93,"233,096",150.74,33,"224,99",2022 年 6 月 21 日,648800,https://store.steampowered.com/app/648800/Raft/?snr=1_7_7_2300_150_1
17,Marvel’s Spider-Man Remastered,96,"49,958",6699.33,33,"9.999,00",2022 年 8 月 12 日,1817070,https://store.steampowered.com/app/1817070/Marvels_SpiderMan_Remastered/?snr=1_7_7_2300_150_1
18,女神异闻录5皇家版,97,"29,553",4799.4,40,"7.999,00",2022 年 10 月 21 日,1687950,https://store.steampowered.com/app/1687950/5/?snr=1_7_7_2300_150_1
19,深岩银河,97,"177,074",374.54,67,"1.134,99",2020 年 5 月 13 日,548430,https://store.steampowered.com/app/548430/_/?snr=1_7_7_2300_150_1
20,DARK SOULS™ III,94,"227,188",4299.5,50,"8.599,00",2016 年 4 月 12 日,374320,https://store.steampowered.com/app/374320/DARK_SOULS_III/?snr=1_7_7_2300_150_1
21,MONSTER HUNTER RISE,86,"48,367",1360.0,60,"3.400,00",2022 年 1 月 13 日,1446780,https://store.steampowered.com/app/1446780/MONSTER_HUNTER_RISE/?snr=1_7_7_2300_150_1
22,Total War: WARHAMMER III,74,"51,983",5099.4,40,"8.499,00",2022 年 2 月 17 日,1142710,https://store.steampowered.com/app/1142710/Total_War_WARHAMMER_III/?snr=1_7_7_2300_150_1
23,Riders Republic,78,"3,144",1499.75,75,"5.999,00",2023 年 6 月 9 日,2290180,https://store.steampowered.com/app/2290180/Riders_Republic/?snr=1_7_7_2300_150_1
24,NBA 2K23,64,"30,481",1119.84,84,"6.999,00",2022 年 9 月 9 日,1919590,https://store.steampowered.com/app/1919590/NBA_2K23/?snr=1_7_7_2300_150_1
25,Crusader Kings III,92,"60,977",1600.0,50,"3.200,00",2020 年 9 月 2 日,1158310,https://store.steampowered.com/app/1158310/Crusader_Kings_III/?snr=1_7_7_2300_150_2
26,Anno 1800,81,"8,951",1499.75,75,"5.999,00",2019 年 4 月,916440,https://store.steampowered.com/app/916440/Anno_1800/?snr=1_7_7_2300_150_2
27,Ready or Not,91,"90,006",2080.0,20,"2.600,00",2021 年 12 月 18 日,1144200,https://store.steampowered.com/app/1144200/Ready_or_Not/?snr=1_7_7_2300_150_2
28,Only Up!,71,"8,242",535.5,30,"765,00",2023 年 5 月 24 日,2381590,https://store.steampowered.com/app/2381590/Only_Up/?snr=1_7_7_2300_150_2
29,Call of Duty®: Black Ops III,86,"104,943",329.67,67,"999,00",2015 年 11 月 6 日,311210,https://store.steampowered.com/app/311210/Call_of_Duty_Black_Ops_III/?snr=1_7_7_2300_150_2
30,巫师 3：狂猎,96,"659,347",599.99,70,"1.999,99",2015 年 5 月 18 日,292030,https://store.steampowered.com/app/292030/_3/?snr=1_7_7_2300_150_2
31,The Outlast Trials,94,"23,769",1785.0,15,"2.100,00",2023 年 5 月 19 日,1304930,https://store.steampowered.com/app/1304930/The_Outlast_Trials/?snr=1_7_7_2300_150_2
32,《巫师 3：狂猎 - 完全版》,96,"672,974",989.99,70,"3.299,99",2016 年 8 月 31 日,"(292030, 378649, 378648)",https://store.steampowered.com/sub/124923/?snr=1_7_7_2300_150_2
33,Hearts of Iron IV,92,"170,366",780.0,70,"2.600,00",2016 年 6 月 6 日,394360,https://store.steampowered.com/app/394360/Hearts_of_Iron_IV/?snr=1_7_7_2300_150_2
34,歧路旅人 II,96,"4,800",5009.25,25,"6.679,00",2023 年 2 月 25 日,1971650,https://store.steampowered.com/app/1971650/_II/?snr=1_7_7_2300_150_2
35,Stardew Valley,98,"489,996",118.79,34,"179,99",2016 年 2 月 27 日,413150,https://store.steampowered.com/app/413150/Stardew_Valley/?snr=1_7_7_2300_150_2
36,The Elder Scrolls V: Skyrim Special Edition,94,"133,072",499.75,75,"1.999,00",2016 年 10 月 28 日,489830,https://store.steampowered.com/app/489830/The_Elder_Scrolls_V_Skyrim_Special_Edition/?snr=1_7_7_2300_150_2
37,Terraria,97,"918,206",64.99,50,"129,99",2011 年 5 月 17 日,105600,https://store.steampowered.com/app/105600/Terraria/?snr=1_7_7_2300_150_2
38,Phasmophobia,96,"461,828",800.0,20,"1.000,00",2020 年 9 月 19 日,739630,https://store.steampowered.com/app/739630/Phasmophobia/?snr=1_7_7_2300_150_2
39,RimWorld,98,"137,399",1680.0,20,"2.100,00",2018 年 10 月 17 日,294100,https://store.steampowered.com/app/294100/RimWorld/?snr=1_7_7_2300_150_2
40,《消逝的光芒2》,79,"109,222",1499.5,50,"2.999,00",2022 年 2 月 4 日,534380,https://store.steampowered.com/app/534380/2/?snr=1_7_7_2300_150_2
41,DARK SOULS III Deluxe Edition,94,"228,689",6099.5,50,"12.199,00",2016 年 4 月 12 日,"(374320, 442010)",https://store.steampowered.com/sub/94174/?snr=1_7_7_2300_150_2
42,深海迷航,96,"213,318",693.0,67,"2.100,00",2018 年 1 月 24 日,264710,https://store.steampowered.com/app/264710/_/?snr=1_7_7_2300_150_2
43,《猎人：荒野的召唤™》,88,"113,578",56.24,75,"224,99",2017 年 2 月 16 日,518790,https://store.steampowered.com/app/518790/_/?snr=1_7_7_2300_150_2
44,Assassin's Creed Valhalla,67,"9,561",1499.75,75,"5.999,00",2022 年 12 月 7 日,2208920,https://store.steampowered.com/app/2208920/Assassins_Creed_Valhalla/?snr=1_7_7_2300_150_2
45,Marvel’s Spider-Man: Miles Morales,94,"14,438",5694.33,33,"8.499,00",2022 年 11 月 18 日,1817190,https://store.steampowered.com/app/1817190/Marvels_SpiderMan_Miles_Morales/?snr=1_7_7_2300_150_2
46,星球大战 绝地：幸存者™,62,"30,834",6749.25,25,"8.999,00",2023 年 4 月 28 日,1774580,https://store.steampowered.com/app/1774580/_/?snr=1_7_7_2300_150_2
47,Mount & Blade II: Bannerlord,87,"175,196",2999.99,40,"4.999,99",2022 年 10 月 25 日,261550,https://store.steampowered.com/app/261550/Mount__Blade_II_Bannerlord/?snr=1_7_7_2300_150_2
48,Grounded,89,"45,522",2399.4,40,"3.999,00",2022 年 9 月 28 日,962130,https://store.steampowered.com/app/962130/Grounded/?snr=1_7_7_2300_150_2
49,动物园之星,90,"58,838",344.22,75,"1.376,90",2019 年 11 月 5 日,703080,https://store.steampowered.com/app/703080/_/?snr=1_7_7_2300_150_2
50,ARK: Survival Evolved,83,"487,040",56.24,75,"224,99",2017 年 8 月 28 日,346110,https://store.steampowered.com/app/346110/ARK_Survival_Evolved/?snr=1_7_7_2300_150_3
51,FINAL FANTASY VII REMAKE INTERGRADE,89,"14,229",4389.0,43,"7.700,00",2022 年 6 月 17 日,1462040,https://store.steampowered.com/app/1462040/FINAL_FANTASY_VII_REMAKE_INTERGRADE/?snr=1_7_7_2300_150_3
52,Halo: The Master Chief Collection,92,"189,672",999.75,75,"3.999,00",2019 年 12 月 4 日,976730,https://store.steampowered.com/app/976730/Halo_The_Master_Chief_Collection/?snr=1_7_7_2300_150_3
53,小缇娜的奇幻之地,76,"8,695",1975.71,67,"5.987,00",2022 年 6 月 24 日,1286680,https://store.steampowered.com/app/1286680/_/?snr=1_7_7_2300_150_3
54,极限竞速：地平线 4,89,"172,775",1979.67,67,"5.999,00",2021 年 3 月 10 日,1293830,https://store.steampowered.com/app/1293830/_4/?snr=1_7_7_2300_150_3
55,Arma 3,91,"154,623",349.99,75,"1.399,99",2013 年 9 月 12 日,107410,https://store.steampowered.com/app/107410/Arma_3/?snr=1_7_7_2300_150_3
56,DARK SOULS™: REMASTERED,89,"52,322",2849.5,50,"5.699,00",2018 年 5 月 24 日,570940,https://store.steampowered.com/app/570940/DARK_SOULS_REMASTERED/?snr=1_7_7_2300_150_3
57,Age of Empires IV: Anniversary Edition,86,"39,423",1999.5,50,"3.999,00",2021 年 10 月 28 日,1466860,https://store.steampowered.com/app/1466860/Age_of_Empires_IV_Anniversary_Edition/?snr=1_7_7_2300_150_3
58,Mortal Kombat 11,87,"59,643",399.9,90,"3.999,00",2019 年 4 月 24 日,976310,https://store.steampowered.com/app/976310/Mortal_Kombat11/?snr=1_7_7_2300_150_3
59,Satisfactory,97,"116,428",1155.0,45,"2.100,00",2020 年 6 月 9 日,526870,https://store.steampowered.com/app/526870/Satisfactory/?snr=1_7_7_2300_150_3
60,7 Days to Die,88,"183,177",67.19,76,"279,99",2013 年 12 月 14 日,251570,https://store.steampowered.com/app/251570/7_Days_to_Die/?snr=1_7_7_2300_150_3
61,雨中冒险 2,96,"160,925",224.99,50,"449,99",2020 年 8 月 11 日,632360,https://store.steampowered.com/app/632360/_2/?snr=1_7_7_2300_150_3
62,Far Cry® 6,68,"7,213",1499.75,75,"5.999,00",2023 年 5 月 12 日,2369390,https://store.steampowered.com/app/2369390/Far_Cry_6/?snr=1_7_7_2300_150_3
63,American Truck Simulator,96,"104,244",274.75,75,"1.099,00",2016 年 2 月 3 日,270880,https://store.steampowered.com/app/270880/American_Truck_Simulator/?snr=1_7_7_2300_150_3
64,PAYDAY 2,89,"408,410",14.99,90,"149,99",2013 年 8 月 13 日,218620,https://store.steampowered.com/app/218620/PAYDAY_2/?snr=1_7_7_2300_150_3
65,God of War,96,"73,935",5099.4,40,"8.499,00",2022 年 1 月 14 日,1593500,https://store.steampowered.com/app/1593500/God_of_War/?snr=1_7_7_2300_150_3
66,Assassin's Creed® Odyssey,89,"125,366",1199.8,80,"5.999,00",2018 年 10 月 6 日,812140,https://store.steampowered.com/app/812140/Assassins_Creed_Odyssey/?snr=1_7_7_2300_150_3
67,Monster Hunter: World,87,"231,141",1210.0,50,"2.420,00",2018 年 8 月 10 日,582010,https://store.steampowered.com/app/582010/Monster_Hunter_World/?snr=1_7_7_2300_150_3
68,Valheim: 英灵神殿,95,"351,582",479.4,40,"799,00",2021 年 2 月 2 日,892970,https://store.steampowered.com/app/892970/Valheim/?snr=1_7_7_2300_150_3
69,Hades,98,"211,083",875.0,50,"1.750,00",2020 年 9 月 17 日,1145360,https://store.steampowered.com/app/1145360/Hades/?snr=1_7_7_2300_150_3
70,Tom Clancy's Ghost Recon® Breakpoint,64,"6,678",599.8,80,"2.999,00",2023 年 1 月 24 日,2231380,https://store.steampowered.com/app/2231380/Tom_Clancys_Ghost_Recon_Breakpoint/?snr=1_7_7_2300_150_3
71,Left 4 Dead 2,97,"556,599",76.5,90,"765,00",2009 年 11 月 17 日,550,https://store.steampowered.com/app/550/Left_4_Dead_2/?snr=1_7_7_2300_150_3
72,喋血复仇,66,"35,739",799.8,80,"3.999,00",2021 年 10 月 12 日,924970,https://store.steampowered.com/app/924970/_/?snr=1_7_7_2300_150_3
73,No Man's Sky,76,"206,065",1900.0,50,"3.800,00",2016 年 8 月 13 日,275850,https://store.steampowered.com/app/275850/No_Mans_Sky/?snr=1_7_7_2300_150_3
74,Call of Duty®: Black Ops Cold War,77,"4,514",2969.67,67,"8.999,00",2023 年 3 月 9 日,1985810,https://store.steampowered.com/app/1985810/Call_of_Duty_Black_Ops_Cold_War/?snr=1_7_7_2300_150_3
75,《渔帆暗涌》,95,"13,584",1400.0,20,"1.750,00",2023 年 3 月 31 日,1562430,https://store.steampowered.com/app/1562430/_/?snr=1_7_7_2300_150_4
76,BeamNG.drive,97,"169,229",1400.0,20,"1.750,00",2015 年 5 月 30 日,284160,https://store.steampowered.com/app/284160/BeamNGdrive/?snr=1_7_7_2300_150_4
77,Stray,97,"108,031",1612.49,25,"2.149,99",2022 年 7 月 19 日,1332010,https://store.steampowered.com/app/1332010/Stray/?snr=1_7_7_2300_150_4
78,Football Manager 2023,88,"10,051",3999.5,50,"7.999,00",2022 年 11 月 8 日,1904540,https://store.steampowered.com/app/1904540/Football_Manager_2023/?snr=1_7_7_2300_150_4
79,无主之地3,85,"93,303",524.85,85,"3.499,00",2020 年 3 月 13 日,397540,https://store.steampowered.com/app/397540/3/?snr=1_7_7_2300_150_4
80,侏罗纪世界：进化 2,86,"16,681",292.49,75,"1.169,99",2021 年 11 月 9 日,1244460,https://store.steampowered.com/app/1244460/_2/?snr=1_7_7_2300_150_4
81,Divinity: Original Sin 2 - Definitive Edition,95,"143,074",2999.6,60,"7.499,00",2017 年 9 月 14 日,435150,https://store.steampowered.com/app/435150/Divinity_Original_Sin_2__Definitive_Edition/?snr=1_7_7_2300_150_4
82,Dead Cells,97,"115,525",674.99,50,"1.349,99",2018 年 8 月 7 日,588650,https://store.steampowered.com/app/588650/Dead_Cells/?snr=1_7_7_2300_150_4
83,狙击精英5,79,"9,310",1199.6,60,"2.999,00",2022 年 5 月 26 日,1029690,https://store.steampowered.com/app/1029690/5/?snr=1_7_7_2300_150_4
84,Total War: WARHAMMER II,93,"81,152",2209.66,66,"6.499,00",2017 年 9 月 28 日,594570,https://store.steampowered.com/app/594570/Total_War_WARHAMMER_II/?snr=1_7_7_2300_150_4
85,Horizon Zero Dawn™ Complete Edition,87,"73,931",2804.67,67,"8.499,00",2020 年 8 月 7 日,1151640,https://store.steampowered.com/app/1151640/Horizon_Zero_Dawn_Complete_Edition/?snr=1_7_7_2300_150_4
86,UNCHARTED™: 盗贼传奇合辑,89,"8,587",5099.4,40,"8.499,00",2022 年 10 月 19 日,1659420,https://store.steampowered.com/app/1659420/UNCHARTED/?snr=1_7_7_2300_150_4
87,冲就完事模拟器,97,"33,070",1119.2,20,"1.399,00",2022 年 7 月 15 日,1290000,https://store.steampowered.com/app/1290000/_/?snr=1_7_7_2300_150_4
88,Fallout 4,83,"200,512",263.67,67,"799,00",2015 年 11 月 10 日,377160,https://store.steampowered.com/app/377160/Fallout_4/?snr=1_7_7_2300_150_4
89,MONSTER HUNTER RISE + SUNBREAK 组合包,85,"52,148",4553.34,34,"6.899,00",2022 年 6 月 30 日,"(1880360, 1446780)",https://store.steampowered.com/sub/692569/?snr=1_7_7_2300_150_4
90,饥荒联机版,95,"273,951",61.19,66,"179,99",2016 年 4 月 22 日,322330,https://store.steampowered.com/app/322330/_/?snr=1_7_7_2300_150_4
91,The Crew™ 2,83,"56,475",499.9,90,"4.999,00",2018 年 6 月 29 日,646910,https://store.steampowered.com/app/646910/The_Crew_2/?snr=1_7_7_2300_150_4
92,Metro Exodus,89,"78,861",224.8,80,"1.124,00",2020 年 2 月 15 日,412020,https://store.steampowered.com/app/412020/Metro_Exodus/?snr=1_7_7_2300_150_4
93,Muse Dash,96,"77,733",17.39,85,"115,99",2019 年 6 月 20 日,774171,https://store.steampowered.com/app/774171/Muse_Dash/?snr=1_7_7_2300_150_4
94,Age of Empires II: Definitive Edition,94,"111,808",499.75,75,"1.999,00",2019 年 11 月 15 日,813780,https://store.steampowered.com/app/813780/Age_of_Empires_II_Definitive_Edition/?snr=1_7_7_2300_150_4
95,Escape the Backrooms,89,"24,098",103.99,20,"129,99",2022 年 8 月 12 日,1943950,https://store.steampowered.com/app/1943950/Escape_the_Backrooms/?snr=1_7_7_2300_150_4
96,Garry's Mod,96,"834,653",299.5,50,"599,00",2006 年 11 月 30 日,4000,https://store.steampowered.com/app/4000/Garrys_Mod/?snr=1_7_7_2300_150_4
97,SnowRunner,89,"19,825",824.99,45,"1.499,99",2021 年 5 月 18 日,1465360,https://store.steampowered.com/app/1465360/SnowRunner/?snr=1_7_7_2300_150_4
98,深海迷航：冰点之下,91,"72,249",693.0,67,"2.100,00",2021 年 5 月 14 日,848450,https://store.steampowered.com/app/848450/_/?snr=1_7_7_2300_150_4
99,夜族崛起,88,"61,667",179.99,20,"224,99",2022 年 5 月 17 日,1604030,https://store.steampowered.com/app/1604030/_/?snr=1_7_7_2300_150_4
100,枪火重生,93,"75,486",974.35,35,"1.499,00",2021 年 11 月 18 日,1217060,https://store.steampowered.com/app/1217060/_/?snr=1_7_7_2300_150_5
101,LEGO® Star Wars™: The Skywalker Saga,92,"30,226",1319.67,67,"3.999,00",2022 年 4 月 6 日,920210,https://store.steampowered.com/app/920210/LEGO_Star_Wars_The_Skywalker_Saga/?snr=1_7_7_2300_150_5
102,Conan Exiles,78,"63,110",183.99,60,"459,99",2018 年 5 月 8 日,440900,https://store.steampowered.com/app/440900/Conan_Exiles/?snr=1_7_7_2300_150_5
103,Overcooked! 2,90,"36,136",137.49,75,"549,99",2018 年 8 月 8 日,728880,https://store.steampowered.com/app/728880/Overcooked_2/?snr=1_7_7_2300_150_5
104,神力科莎 Assetto Corsa,92,"76,313",44.99,80,"224,99",2014 年 12 月 19 日,244210,https://store.steampowered.com/app/244210/_Assetto_Corsa/?snr=1_7_7_2300_150_5
105,底特律：化身为人,94,"73,661",1999.5,50,"3.999,00",2020 年 6 月 18 日,1222140,https://store.steampowered.com/app/1222140/_/?snr=1_7_7_2300_150_5
106,Watch_Dogs® 2,82,"58,966",749.85,85,"4.999,00",2016 年 11 月 29 日,447040,https://store.steampowered.com/app/447040/Watch_Dogs_2/?snr=1_7_7_2300_150_5
107,《战地风云 5》,70,"137,223",1324.75,75,"5.299,00",2020 年 10 月 22 日,1238810,https://store.steampowered.com/app/1238810/_5/?snr=1_7_7_2300_150_5
108,Hollow Knight,97,"262,975",525.0,50,"1.050,00",2017 年 2 月 25 日,367520,https://store.steampowered.com/app/367520/Hollow_Knight/?snr=1_7_7_2300_150_5
109,房产达人,93,"67,839",525.0,70,"1.750,00",2018 年 5 月 17 日,613100,https://store.steampowered.com/app/613100/_/?snr=1_7_7_2300_150_5
110,中世纪王朝,90,"25,745",1943.5,35,"2.990,00",2021 年 9 月 23 日,1129580,https://store.steampowered.com/app/1129580/_/?snr=1_7_7_2300_150_5
111,DJMAX RESPECT V,88,"19,515",256.0,80,"1.280,00",2020 年 3 月 12 日,960170,https://store.steampowered.com/app/960170/DJMAX_RESPECT_V/?snr=1_7_7_2300_150_5
112,A Little to the Left,88,"3,053",599.25,25,"799,00",2022 年 11 月 8 日,1629520,https://store.steampowered.com/app/1629520/A_Little_to_the_Left/?snr=1_7_7_2300_150_5
113,Assassin's Creed® Origins,86,"83,294",899.85,85,"5.999,00",2017 年 10 月 27 日,582160,https://store.steampowered.com/app/582160/Assassins_Creed_Origins/?snr=1_7_7_2300_150_5
114,死亡空间,92,"24,164",5599.3,30,"7.999,00",2023 年 1 月 28 日,1693980,https://store.steampowered.com/app/1693980/_/?snr=1_7_7_2300_150_5
115,漫威暗夜之子,81,"8,840",2799.6,60,"6.999,00",2022 年 12 月 2 日,368260,https://store.steampowered.com/app/368260/_/?snr=1_7_7_2300_150_5
116,Days Gone,92,"43,076",2804.67,67,"8.499,00",2021 年 5 月 18 日,1259420,https://store.steampowered.com/app/1259420/Days_Gone/?snr=1_7_7_2300_150_5
117,Devil May Cry 5,95,"68,544",798.6,67,"2.420,00",2019 年 3 月 8 日,601150,https://store.steampowered.com/app/601150/Devil_May_Cry_5/?snr=1_7_7_2300_150_5
118,面包和年糕 (Bread & Fred),87,581,840.0,20,"1.050,00",2023 年 5 月 23 日,1607680,https://store.steampowered.com/app/1607680/_Bread__Fred/?snr=1_7_7_2300_150_5
119,Pummel Party,89,"35,576",107.99,40,"179,99",2018 年 9 月 21 日,880940,https://store.steampowered.com/app/880940/Pummel_Party/?snr=1_7_7_2300_150_5
120,DOOM Eternal,91,"150,500",659.67,67,"1.999,00",2020 年 3 月 20 日,782330,https://store.steampowered.com/app/782330/DOOM_Eternal/?snr=1_7_7_2300_150_5
121,Call of Duty®: Modern Warfare®,76,"4,219",2969.67,67,"8.999,00",2023 年 3 月 9 日,2000950,https://store.steampowered.com/app/2000950/Call_of_Duty_Modern_Warfare/?snr=1_7_7_2300_150_5
122,Far Cry® 5,80,"127,561",749.85,85,"4.999,00",2018 年 3 月 27 日,552520,https://store.steampowered.com/app/552520/Far_Cry_5/?snr=1_7_7_2300_150_5
123,FOR HONOR™,69,"79,712",299.8,80,"1.499,00",2017 年 2 月 14 日,304390,https://store.steampowered.com/app/304390/FOR_HONOR/?snr=1_7_7_2300_150_5
124,Total War: THREE KINGDOMS,82,"53,983",2889.66,66,"8.499,00",2019 年 5 月 23 日,779340,https://store.steampowered.com/app/779340/Total_War_THREE_KINGDOMS/?snr=1_7_7_2300_150_5
125,STRANGER OF PARADISE FINAL FANTASY ORIGIN,86,"1,216",2099.3,30,"2.999,00",2023 年 4 月 6 日,1358700,https://store.steampowered.com/app/1358700/STRANGER_OF_PARADISE_FINAL_FANTASY_ORIGIN/?snr=1_7_7_2300_150_6
126,Bloons TD 6,97,"231,133",250.0,75,"1.000,00",2018 年 12 月 18 日,960090,https://store.steampowered.com/app/960090/Bloons_TD_6/?snr=1_7_7_2300_150_6
127,咩咩启示录,94,"48,181",779.35,35,"1.199,00",2022 年 8 月 11 日,1313140,https://store.steampowered.com/app/1313140/_/?snr=1_7_7_2300_150_6
128,Outer Wilds,95,"45,122",1079.99,40,"1.799,99",2020 年 6 月 18 日,753640,https://store.steampowered.com/app/753640/Outer_Wilds/?snr=1_7_7_2300_150_6
129,《极品飞车™：不羁》,63,"13,389",2699.7,70,"8.999,00",2022 年 12 月 2 日,1846380,https://store.steampowered.com/app/1846380/_/?snr=1_7_7_2300_150_6
130,X4: Foundations,76,"14,181",1280.0,60,"3.200,00",2018 年 11 月 30 日,392160,https://store.steampowered.com/app/392160/X4_Foundations/?snr=1_7_7_2300_150_6
131,遗迹：灰烬重生,85,"38,761",315.0,65,"900,00",2019 年 8 月 20 日,617290,https://store.steampowered.com/app/617290/_/?snr=1_7_7_2300_150_6
132,原子之心,85,"17,728",3629.34,34,"5.499,00",2023 年 2 月 21 日,668580,https://store.steampowered.com/app/668580/_/?snr=1_7_7_2300_150_6
133,Demonologist,91,"6,991",1050.0,30,"1.500,00",2023 年 3 月 27 日,1929610,https://store.steampowered.com/app/1929610/Demonologist/?snr=1_7_7_2300_150_6
134,Disco Elysium - The Final Cut,93,"72,452",109.99,75,"439,99",2019 年 10 月 16 日,632470,https://store.steampowered.com/app/632470/Disco_Elysium__The_Final_Cut/?snr=1_7_7_2300_150_6
135,Cuphead,96,"124,074",157.49,30,"224,99",2017 年 9 月 29 日,268910,https://store.steampowered.com/app/268910/Cuphead/?snr=1_7_7_2300_150_6
136,Total War: WARHAMMER,79,"30,430",1624.75,75,"6.499,00",2016 年 5 月 24 日,364360,https://store.steampowered.com/app/364360/Total_War_WARHAMMER/?snr=1_7_7_2300_150_6
137,Jagged Alliance 3,,,2280.0,20,"2.850,00",2023 年 7 月 14 日,1084160,https://store.steampowered.com/app/1084160/Jagged_Alliance_3/?snr=1_7_7_2300_150_6
138,DARK SOULS™ II: Scholar of the First Sin,85,"58,983",2849.5,50,"5.699,00",2015 年 4 月 2 日,335300,https://store.steampowered.com/app/335300/DARK_SOULS_II_Scholar_of_the_First_Sin/?snr=1_7_7_2300_150_6
139,Sun Haven,87,"8,304",1225.0,30,"1.750,00",2023 年 3 月 11 日,1432860,https://store.steampowered.com/app/1432860/Sun_Haven/?snr=1_7_7_2300_150_6
140,七龙珠Z 卡卡洛特,93,"31,852",1779.75,75,"7.119,00",2020 年 1 月 17 日,851850,https://store.steampowered.com/app/851850/Z/?snr=1_7_7_2300_150_6
141,土豆兄弟(Brotato),96,"40,148",54.39,20,"67,99",2023 年 6 月 23 日,1942280,https://store.steampowered.com/app/1942280/Brotato/?snr=1_7_7_2300_150_6
142,Space Engineers,89,"78,213",449.5,50,"899,00",2019 年 3 月 1 日,244850,https://store.steampowered.com/app/244850/Space_Engineers/?snr=1_7_7_2300_150_6
143,Fallout 4: Game of the Year Edition,81,"213,665",399.75,75,"1.599,00",2015 年 11 月 11 日,"(377160, 435870, 435880, 435881, 480630, 480631, 490650)",https://store.steampowered.com/sub/199943/?snr=1_7_7_2300_150_6
144,风暴之城 Against the Storm,95,"11,534",974.99,35,"1.499,99",2022 年 11 月 1 日,1336490,https://store.steampowered.com/app/1336490/_Against_the_Storm/?snr=1_7_7_2300_150_6
145,Slay the Spire,97,"114,263",95.19,66,"279,99",2019 年 1 月 23 日,646570,https://store.steampowered.com/app/646570/Slay_the_Spire/?snr=1_7_7_2300_150_6
146,莱莎的炼金工房３ ～终结之炼金术士与秘密钥匙～,92,"1,019",6749.25,25,"8.999,00",2023 年 3 月 24 日,1999770,https://store.steampowered.com/app/1999770/_/?snr=1_7_7_2300_150_6
147,神力科莎：竞速 Assetto Corsa Competizione,91,"17,908",449.7,70,"1.499,00",2019 年 5 月 29 日,805550,https://store.steampowered.com/app/805550/_Assetto_Corsa_Competizione/?snr=1_7_7_2300_150_6
148,Titanfall® 2,94,"147,936",209.85,85,"1.399,00",2020 年 6 月 19 日,1237970,https://store.steampowered.com/app/1237970/Titanfall_2/?snr=1_7_7_2300_150_6
149,Resident Evil Village,95,"64,420",1700.0,50,"3.400,00",2021 年 5 月 8 日,1196590,https://store.steampowered.com/app/1196590/Resident_Evil_Village/?snr=1_7_7_2300_150_6
150,Car Mechanic Simulator 2021,95,"19,288",1050.0,40,"1.750,00",2021 年 8 月 11 日,1190000,https://store.steampowered.com/app/1190000/Car_Mechanic_Simulator_2021/?snr=1_7_7_2300_150_7
151,Farthest Frontier,85,"12,536",1020.0,15,"1.200,00",2022 年 8 月 9 日,1044720,https://store.steampowered.com/app/1044720/Farthest_Frontier/?snr=1_7_7_2300_150_7
152,ASTRONEER,91,"92,581",840.0,60,"2.100,00",2019 年 2 月 6 日,361420,https://store.steampowered.com/app/361420/ASTRONEER/?snr=1_7_7_2300_150_7
153,人类一败涂地 / Human Fall Flat,94,"142,931",420.0,70,"1.400,00",2016 年 7 月 23 日,477160,https://store.steampowered.com/app/477160/__Human_Fall_Flat/?snr=1_7_7_2300_150_7
154,莱莎的炼金工房 ～常暗女王与秘密藏身处～,86,"6,033",6304.5,50,"12.609,00",2019 年 10 月 29 日,1121560,https://store.steampowered.com/app/1121560/_/?snr=1_7_7_2300_150_7
155,Tom Clancy's Ghost Recon® Wildlands,80,"64,740",999.8,80,"4.999,00",2017 年 3 月 7 日,460930,https://store.steampowered.com/app/460930/Tom_Clancys_Ghost_Recon_Wildlands/?snr=1_7_7_2300_150_7
156,Tom Clancy’s The Division® 2,65,"8,174",899.7,70,"2.999,00",2023 年 1 月 13 日,2221490,https://store.steampowered.com/app/2221490/Tom_Clancys_The_Division_2/?snr=1_7_7_2300_150_7
157,Resident Evil 3,80,"47,619",850.0,75,"3.400,00",2019 年 1 月 25 日,952060,https://store.steampowered.com/app/952060/Resident_Evil_3/?snr=1_7_7_2300_150_7
158,火影忍者 疾风传 终极风暴4,90,"62,019",1007.8,80,"5.039,00",2016 年 2 月 5 日,349040,https://store.steampowered.com/app/349040/__4/?snr=1_7_7_2300_150_7
159,System Shock,93,"3,945",3359.2,20,"4.199,00",2023 年 5 月 30 日,482400,https://store.steampowered.com/app/482400/System_Shock/?snr=1_7_7_2300_150_7
160,FINAL FANTASY XV WINDOWS EDITION,83,"34,975",385.0,50,"770,00",2018 年 3 月 7 日,637650,https://store.steampowered.com/app/637650/FINAL_FANTASY_XV_WINDOWS_EDITION/?snr=1_7_7_2300_150_7
161,LEGO® Star Wars™: The Skywalker Saga Galactic Edition,91,"30,883",2144.67,67,"6.499,00",2022 年 11 月 2 日,"(920210, 1941590, 1353941, 1353946, 1353942, 1353943, 1414630, 1353944, 1353945, 2150634, 2150630, 2194990, 2194991)",https://store.steampowered.com/sub/785847/?snr=1_7_7_2300_150_7
162,带我去地下城吧！！,93,705,751.5,10,"835,00",2023 年 6 月 29 日,1793250,https://store.steampowered.com/app/1793250/_/?snr=1_7_7_2300_150_7
163,Wartales,90,"16,527",1920.0,20,"2.400,00",2023 年 4 月 12 日,1527950,https://store.steampowered.com/app/1527950/Wartales/?snr=1_7_7_2300_150_7
164,人中之龙7　光与暗的去向　国际版,95,"16,661",1999.75,75,"7.999,00",2020 年 11 月 11 日,1235140,https://store.steampowered.com/app/1235140/7/?snr=1_7_7_2300_150_7
165,Pathfinder: Wrath of the Righteous - Enhanced Edition,84,"21,699",479.7,70,"1.599,00",2021 年 9 月 3 日,1184370,https://store.steampowered.com/app/1184370/Pathfinder_Wrath_of_the_Righteous__Enhanced_Edition/?snr=1_7_7_2300_150_7
166,人类,67,"17,950",479.8,80,"2.399,00",2021 年 8 月 17 日,1124300,https://store.steampowered.com/app/1124300/_/?snr=1_7_7_2300_150_7
167,Battlefield™ 1,86,"101,505",624.75,75,"2.499,00",2020 年 6 月 11 日,1238840,https://store.steampowered.com/app/1238840/Battlefield_1/?snr=1_7_7_2300_150_7
168,邪恶冥刻,97,"86,160",539.99,40,"899,99",2021 年 10 月 19 日,1092790,https://store.steampowered.com/app/1092790/_/?snr=1_7_7_2300_150_7
169,Hi-Fi RUSH,97,"14,953",2399.2,20,"2.999,00",2023 年 1 月 26 日,1817230,https://store.steampowered.com/app/1817230/HiFi_RUSH/?snr=1_7_7_2300_150_7
170,Vampire Survivors - 吸血鬼幸存者,98,"190,371",224.25,25,"299,00",2022 年 10 月 21 日,1794680,https://store.steampowered.com/app/1794680/Vampire_Survivors/?snr=1_7_7_2300_150_7
171,Unpacking,92,"19,541",636.0,40,"1.060,00",2021 年 11 月 2 日,1135690,https://store.steampowered.com/app/1135690/Unpacking/?snr=1_7_7_2300_150_7
172,Kena: Bridge of Spirits,92,"8,522",799.6,60,"1.999,00",2022 年 9 月 27 日,1954200,https://store.steampowered.com/app/1954200/Kena_Bridge_of_Spirits/?snr=1_7_7_2300_150_7
173,破晓传奇,89,"22,416",4039.6,60,"10.099,00",2021 年 9 月 10 日,740130,https://store.steampowered.com/app/740130/_/?snr=1_7_7_2300_150_7
174,Victoria 3,66,"22,032",1999.2,20,"2.499,00",2022 年 10 月 26 日,529340,https://store.steampowered.com/app/529340/Victoria_3/?snr=1_7_7_2300_150_7
175,Frostpunk,91,"76,447",420.0,80,"2.100,00",2018 年 4 月 24 日,323190,https://store.steampowered.com/app/323190/Frostpunk/?snr=1_7_7_2300_150_8
176,永恒天空,89,"1,537",2124.99,20,"2.656,24",2023 年 6 月 23 日,1641960,https://store.steampowered.com/app/1641960/_/?snr=1_7_7_2300_150_8
177, 《四海兄弟: 最终版》​,86,"44,150",895.65,65,"2.559,00",2020 年 9 月 25 日,1030840,https://store.steampowered.com/app/1030840/_/?snr=1_7_7_2300_150_8
178,火山的女儿,97,"17,337",913.75,15,"1.075,00",2023 年 4 月 21 日,1669980,https://store.steampowered.com/app/1669980/_/?snr=1_7_7_2300_150_8
179,《Need for Speed™ Heat,84,"68,019",839.8,80,"4.199,00",2020 年 6 月 4 日,1222680,https://store.steampowered.com/app/1222680/Need_for_Speed_Heat/?snr=1_7_7_2300_150_8
180,TEKKEN 7,82,"59,275",1006.35,85,"6.709,00",2017 年 6 月 2 日,389730,https://store.steampowered.com/app/389730/TEKKEN_7/?snr=1_7_7_2300_150_8
181,The Elder Scrolls V: Skyrim Anniversary Edition,93,"137,516",999.6,60,"2.499,00",2021 年 11 月 11 日,"(489830, 1746860)",https://store.steampowered.com/sub/626153/?snr=1_7_7_2300_150_8
182,DRAGON BALL XENOVERSE 2,89,"31,885",1079.85,85,"7.199,00",2016 年 10 月 28 日,454650,https://store.steampowered.com/app/454650/DRAGON_BALL_XENOVERSE_2/?snr=1_7_7_2300_150_8
183,Grim Dawn,93,"70,416",500.0,50,"1.000,00",2016 年 2 月 26 日,219990,https://store.steampowered.com/app/219990/Grim_Dawn/?snr=1_7_7_2300_150_8
184,Granblue Fantasy: Versus,83,"6,574",22.49,90,"224,99",2020 年 3 月 14 日,1090630,https://store.steampowered.com/app/1090630/Granblue_Fantasy_Versus/?snr=1_7_7_2300_150_8
185,SCUM,74,"73,189",2294.0,50,"4.588,00",2018 年 8 月 29 日,513710,https://store.steampowered.com/app/513710/SCUM/?snr=1_7_7_2300_150_8
186,The Forest,95,"411,411",179.99,20,"224,99",2018 年 5 月 1 日,242760,https://store.steampowered.com/app/242760/The_Forest/?snr=1_7_7_2300_150_8
187,NieR Replicant™ ver.1.22474487139...,88,"15,863",1399.6,60,"3.499,00",2021 年 4 月 24 日,1113560,https://store.steampowered.com/app/1113560/NieR_Replicant_ver122474487139/?snr=1_7_7_2300_150_8
188,岐路旅人,86,"10,287",1194.99,50,"2.389,99",2019 年 6 月 8 日,921570,https://store.steampowered.com/app/921570/_/?snr=1_7_7_2300_150_8
189,Ori and the Will of the Wisps,96,"105,418",749.75,75,"2.999,00",2020 年 3 月 11 日,1057090,https://store.steampowered.com/app/1057090/Ori_and_the_Will_of_the_Wisps/?snr=1_7_7_2300_150_8
190,Middle-earth™: Shadow of War™,87,"66,352",599.85,85,"3.999,00",2017 年 10 月 10 日,356190,https://store.steampowered.com/app/356190/Middleearth_Shadow_of_War/?snr=1_7_7_2300_150_8
191,主播女孩重度依赖,95,"24,396",279.99,50,"559,99",2022 年 1 月 21 日,1451940,https://store.steampowered.com/app/1451940/_/?snr=1_7_7_2300_150_8
192,Age of Empires III: Definitive Edition,82,"29,571",699.65,65,"1.999,00",2020 年 10 月 15 日,933110,https://store.steampowered.com/app/933110/Age_of_Empires_III_Definitive_Edition/?snr=1_7_7_2300_150_8
193,Resident Evil 2,97,"91,371",850.0,75,"3.400,00",2019 年 1 月 25 日,883710,https://store.steampowered.com/app/883710/Resident_Evil_2/?snr=1_7_7_2300_150_8
194,密室逃脱模拟器,94,"10,009",787.5,25,"1.050,00",2021 年 10 月 19 日,1435790,https://store.steampowered.com/app/1435790/_/?snr=1_7_7_2300_150_8
195,缺氧,96,"95,794",95.19,66,"279,99",2019 年 7 月 31 日,457140,https://store.steampowered.com/app/457140/_/?snr=1_7_7_2300_150_8
196,Steel Division 2,79,"6,123",799.75,75,"3.199,00",2019 年 6 月 20 日,919640,https://store.steampowered.com/app/919640/Steel_Division_2/?snr=1_7_7_2300_150_8
197,雨世界,93,"14,713",700.0,60,"1.750,00",2017 年 3 月 29 日,312520,https://store.steampowered.com/app/312520/_/?snr=1_7_7_2300_150_8
198,Assassin’s Creed® IV Black Flag™,89,"51,985",1199.7,70,"3.999,00",2013 年 11 月 20 日,242050,https://store.steampowered.com/app/242050/Assassins_Creed_IV_Black_Flag/?snr=1_7_7_2300_150_8
199,GUILTY GEAR -STRIVE-,92,"27,887",472.49,25,"629,99",2021 年 6 月 11 日,1384160,https://store.steampowered.com/app/1384160/GUILTY_GEAR_STRIVE/?snr=1_7_7_2300_150_8
200,Darkest Dungeon® II,75,"8,807",2080.0,20,"2.600,00",2023 年 5 月 8 日,1940340,https://store.steampowered.com/app/1940340/Darkest_Dungeon_II/?snr=1_7_7_2300_150_9
201,过山车之星,91,"49,000",172.49,75,"689,99",2016 年 11 月 18 日,493340,https://store.steampowered.com/app/493340/_/?snr=1_7_7_2300_150_9
202,World War Z,83,"10,803",1199.99,40,"1.999,99",2021 年 9 月 21 日,699130,https://store.steampowered.com/app/699130/World_War_Z/?snr=1_7_7_2300_150_9
203,THE KING OF FIGHTERS XV,82,"5,653",732.5,75,"2.930,00",2022 年 2 月 17 日,1498570,https://store.steampowered.com/app/1498570/THE_KING_OF_FIGHTERS_XV/?snr=1_7_7_2300_150_9
204,索尼克 未知边境,93,"14,389",3999.5,50,"7.999,00",2022 年 11 月 8 日,1237320,https://store.steampowered.com/app/1237320/_/?snr=1_7_7_2300_150_9
205,CRISIS CORE –FINAL FANTASY VII– REUNION,90,"3,177",2589.3,30,"3.699,00",2022 年 12 月 14 日,1608070,https://store.steampowered.com/app/1608070/CRISIS_CORE_FINAL_FANTASY_VII_REUNION/?snr=1_7_7_2300_150_9
206,Castle Crashers®,96,"75,410",59.99,80,"299,99",2012 年 9 月 27 日,204360,https://store.steampowered.com/app/204360/Castle_Crashers/?snr=1_7_7_2300_150_9
207,Noita,95,"50,273",112.49,50,"224,99",2020 年 10 月 16 日,881100,https://store.steampowered.com/app/881100/Noita/?snr=1_7_7_2300_150_9
208,ACE COMBAT™ 7: SKIES UNKNOWN,87,"27,891",1289.85,85,"8.599,00",2019 年 2 月 1 日,502500,https://store.steampowered.com/app/502500/ACE_COMBAT_7_SKIES_UNKNOWN/?snr=1_7_7_2300_150_9
209,Kingdom Come: Deliverance,82,"82,863",82.49,75,"329,99",2018 年 2 月 13 日,379430,https://store.steampowered.com/app/379430/Kingdom_Come_Deliverance/?snr=1_7_7_2300_150_9
210,DRAGON BALL FighterZ,90,"44,281",449.99,85,"2.999,99",2018 年 1 月 27 日,678950,https://store.steampowered.com/app/678950/DRAGON_BALL_FighterZ/?snr=1_7_7_2300_150_9
211,审判之逝：湮灭的记忆,95,"2,734",4799.4,40,"7.999,00",2022 年 9 月 14 日,2058190,https://store.steampowered.com/app/2058190/_/?snr=1_7_7_2300_150_9
212,Dying Light,95,"279,666",125.99,70,"419,99",2016 年 4 月 21 日,239140,https://store.steampowered.com/app/239140/Dying_Light/?snr=1_7_7_2300_150_9
213,Solasta: Crown of the Magister,88,"15,191",463.6,60,"1.159,00",2021 年 5 月 27 日,1096530,https://store.steampowered.com/app/1096530/Solasta_Crown_of_the_Magister/?snr=1_7_7_2300_150_9
214,A Plague Tale: Requiem,91,"8,160",3499.5,50,"6.999,00",2022 年 10 月 18 日,1182900,https://store.steampowered.com/app/1182900/A_Plague_Tale_Requiem/?snr=1_7_7_2300_150_9
215,State of Decay 2: Juggernaut Edition,83,"37,927",1199.6,60,"2.999,00",2020 年 3 月 14 日,495420,https://store.steampowered.com/app/495420/State_of_Decay_2_Juggernaut_Edition/?snr=1_7_7_2300_150_9
216,Persona® 5 Strikers,91,"9,709",2639.67,67,"7.999,00",2021 年 2 月 23 日,1382330,https://store.steampowered.com/app/1382330/Persona_5_Strikers/?snr=1_7_7_2300_150_9
217,Five Nights at Freddy's: Security Breach,85,"45,041",219.99,50,"439,99",2021 年 12 月 17 日,747660,https://store.steampowered.com/app/747660/Five_Nights_at_Freddys_Security_Breach/?snr=1_7_7_2300_150_9
218,Northgard,88,"42,788",630.0,70,"2.100,00",2018 年 3 月 7 日,466560,https://store.steampowered.com/app/466560/Northgard/?snr=1_7_7_2300_150_9
219,Transport Fever 2,88,"17,192",1300.0,50,"2.600,00",2019 年 12 月 11 日,1066780,https://store.steampowered.com/app/1066780/Transport_Fever_2/?snr=1_7_7_2300_150_9
220,Assassin's Creed® Unity,76,"51,617",749.75,75,"2.999,00",2014 年 11 月 11 日,289650,https://store.steampowered.com/app/289650/Assassins_Creed_Unity/?snr=1_7_7_2300_150_9
221,Mortal Kombat 11 Ultimate,87,"60,589",749.85,85,"4.999,00",2020 年 11 月 18 日,"(976310, 1054480, 1273971, 1449880)",https://store.steampowered.com/sub/518699/?snr=1_7_7_2300_150_9
222,Resident Evil 7 Biohazard,95,"49,283",648.0,60,"1.620,00",2017 年 1 月 24 日,418370,https://store.steampowered.com/app/418370/Resident_Evil_7_Biohazard/?snr=1_7_7_2300_150_9
223,夏日狂想曲：乡间的难忘回忆,93,"10,739",300.0,50,"600,00",2020 年 6 月 15 日,1227890,https://store.steampowered.com/app/1227890/_/?snr=1_7_7_2300_150_9
224,"Warhammer 40,000: Boltgun",92,"6,704",2079.2,20,"2.599,00",2023 年 5 月 23 日,2005010,https://store.steampowered.com/app/2005010/Warhammer_40000_Boltgun/?snr=1_7_7_2300_150_9
225,Nioh 2 – The Complete Edition,88,"25,947",4997.4,40,"8.329,00",2021 年 2 月 5 日,1325200,https://store.steampowered.com/app/1325200/Nioh_2__The_Complete_Edition/?snr=1_7_7_2300_150_10
226,Borderlands 2,95,"182,709",89.99,75,"359,99",2012 年 9 月 21 日,49520,https://store.steampowered.com/app/49520/Borderlands_2/?snr=1_7_7_2300_150_10
227,Sifu,92,"3,041",2324.25,25,"3.099,00",2023 年 3 月 28 日,2138710,https://store.steampowered.com/app/2138710/Sifu/?snr=1_7_7_2300_150_10
228,CODE VEIN,85,"36,636",449.85,85,"2.999,00",2019 年 9 月 27 日,678960,https://store.steampowered.com/app/678960/CODE_VEIN/?snr=1_7_7_2300_150_10
229,Portal 2,98,"285,393",76.5,90,"765,00",2011 年 4 月 19 日,620,https://store.steampowered.com/app/620/Portal_2/?snr=1_7_7_2300_150_10
230,虚空列车,68,"2,034",2465.0,15,"2.900,00",2023 年 5 月 10 日,1159690,https://store.steampowered.com/app/1159690/_/?snr=1_7_7_2300_150_10
231,Gotham Knights,69,"10,656",1529.7,70,"5.099,00",2022 年 10 月 22 日,1496790,https://store.steampowered.com/app/1496790/Gotham_Knights/?snr=1_7_7_2300_150_10
232,Phoenix Wright: Ace Attorney Trilogy,97,"16,924",199.32,67,"604,00",2019 年 4 月 10 日,787480,https://store.steampowered.com/app/787480/Phoenix_Wright_Ace_Attorney_Trilogy/?snr=1_7_7_2300_150_10
233,Train Sim World® 3,81,"2,494",161.99,70,"539,99",2022 年 9 月 7 日,1944790,https://store.steampowered.com/app/1944790/Train_Sim_World_3/?snr=1_7_7_2300_150_10
234,莱莎的炼金工房２ ～失落传说与秘密妖精～,90,"2,406",6304.5,50,"12.609,00",2021 年 1 月 26 日,1257290,https://store.steampowered.com/app/1257290/_/?snr=1_7_7_2300_150_10
235,《Spiritfarer®》Farewell版,95,"28,452",420.0,80,"2.100,00",2020 年 8 月 19 日,972660,https://store.steampowered.com/app/972660/SpiritfarerFarewell/?snr=1_7_7_2300_150_10
236,Car For Sale Simulator 2023,85,"3,606",780.0,40,"1.300,00",2023 年 5 月 18 日,2248760,https://store.steampowered.com/app/2248760/Car_For_Sale_Simulator_2023/?snr=1_7_7_2300_150_10
237,鬼灭之刃 火之神血风谭,88,"14,182",1499.99,50,"2.999,99",2021 年 10 月 16 日,1490890,https://store.steampowered.com/app/1490890/_/?snr=1_7_7_2300_150_10
238,速速上菜！,95,"9,377",780.0,40,"1.300,00",2022 年 8 月 4 日,1599600,https://store.steampowered.com/app/1599600/_/?snr=1_7_7_2300_150_10
239,《PGA TOUR 2K23》,69,"1,914",2309.67,67,"6.999,00",2022 年 10 月 14 日,1588010,https://store.steampowered.com/app/1588010/PGA_TOUR_2K23/?snr=1_7_7_2300_150_10
240,Construction Simulator,81,"4,641",1749.99,30,"2.499,99",2022 年 9 月 20 日,1273400,https://store.steampowered.com/app/1273400/Construction_Simulator/?snr=1_7_7_2300_150_10
241,Ghostrunner - 幽灵行者,92,"37,839",449.7,70,"1.499,00",2020 年 10 月 28 日,1139900,https://store.steampowered.com/app/1139900/Ghostrunner/?snr=1_7_7_2300_150_10
242,人中之龙 维新！极,83,"2,543",5599.3,30,"7.999,00",2023 年 2 月 21 日,1805480,https://store.steampowered.com/app/1805480/_/?snr=1_7_7_2300_150_10
243,Tropico 6,87,"15,637",999.6,60,"2.499,00",2019 年 3 月 30 日,492720,https://store.steampowered.com/app/492720/Tropico_6/?snr=1_7_7_2300_150_10
244,DEATH STRANDING DIRECTOR'S CUT,93,"14,013",1449.5,50,"2.899,00",2022 年 3 月 30 日,1850570,https://store.steampowered.com/app/1850570/DEATH_STRANDING_DIRECTORS_CUT/?snr=1_7_7_2300_150_10
245,Green Hell,87,"43,144",167.99,40,"279,99",2019 年 9 月 5 日,815370,https://store.steampowered.com/app/815370/Green_Hell/?snr=1_7_7_2300_150_10
246,Graveyard Keeper,86,"26,495",490.0,65,"1.400,00",2018 年 8 月 15 日,599140,https://store.steampowered.com/app/599140/Graveyard_Keeper/?snr=1_7_7_2300_150_10
247,Kenshi,95,"60,132",945.0,55,"2.100,00",2018 年 12 月 6 日,233860,https://store.steampowered.com/app/233860/Kenshi/?snr=1_7_7_2300_150_10
248,米德加尔的部落,76,"13,754",476.0,66,"1.400,00",2021 年 7 月 28 日,858820,https://store.steampowered.com/app/858820/_/?snr=1_7_7_2300_150_10
249,《木卫四协议》,62,"23,312",1999.5,50,"3.999,00",2022 年 12 月 2 日,1544020,https://store.steampowered.com/app/1544020/_/?snr=1_7_7_2300_150_10
250,迪士尼梦幻星谷,93,"11,011",2606.25,25,"3.475,00",2022 年 9 月 6 日,1401590,https://store.steampowered.com/app/1401590/_/?snr=1_7_7_2300_150_11
251,Stranded: Alien Dawn,86,"4,507",1920.0,20,"2.400,00",2023 年 4 月 25 日,1324130,https://store.steampowered.com/app/1324130/Stranded_Alien_Dawn/?snr=1_7_7_2300_150_11
252,小小梦魇2,94,"23,225",1412.07,67,"4.279,00",2021 年 2 月 11 日,860510,https://store.steampowered.com/app/860510/2/?snr=1_7_7_2300_150_11
253,CarX Drift Racing Online,95,"59,727",80.99,55,"179,99",2017 年 11 月 18 日,635260,https://store.steampowered.com/app/635260/CarX_Drift_Racing_Online/?snr=1_7_7_2300_150_11
254,The Stanley Parable: Ultra Deluxe,94,"20,982",139.99,50,"279,99",2022 年 4 月 28 日,1703340,https://store.steampowered.com/app/1703340/The_Stanley_Parable_Ultra_Deluxe/?snr=1_7_7_2300_150_11
255,TUNIC,92,"8,398",1470.0,30,"2.100,00",2022 年 3 月 17 日,553420,https://store.steampowered.com/app/553420/TUNIC/?snr=1_7_7_2300_150_11
256,Assassin's Creed® Syndicate,80,"23,053",749.75,75,"2.999,00",2015 年 11 月 19 日,368500,https://store.steampowered.com/app/368500/Assassins_Creed_Syndicate/?snr=1_7_7_2300_150_11
257,Watch Dogs®: Legion,54,"3,604",674.85,85,"4.499,00",2023 年 1 月 27 日,2239550,https://store.steampowered.com/app/2239550/Watch_Dogs_Legion/?snr=1_7_7_2300_150_11
258,Projekt: Passion - Season 1,94,842,765.0,15,"900,00",2023 年 5 月 27 日,2173800,https://store.steampowered.com/app/2173800/Projekt_Passion__Season_1/?snr=1_7_7_2300_150_11
259,Marvel's Guardians of the Galaxy,94,"22,395",1049.7,70,"3.499,00",2021 年 10 月 27 日,1088850,https://store.steampowered.com/app/1088850/Marvels_Guardians_of_the_Galaxy/?snr=1_7_7_2300_150_11
260,Grand Theft Auto: San Andreas – The Definitive Edition,69,"1,951",5649.5,50,"11.299,00",2023 年 1 月 20 日,1547000,https://store.steampowered.com/app/1547000/Grand_Theft_Auto_San_Andreas__The_Definitive_Edition/?snr=1_7_7_2300_150_11
261,Contraband Police,94,"6,372",1560.0,20,"1.950,00",2023 年 3 月 8 日,756800,https://store.steampowered.com/app/756800/Contraband_Police/?snr=1_7_7_2300_150_11
262,OMORI,97,"51,862",168.74,25,"224,99",2020 年 12 月 25 日,1150690,https://store.steampowered.com/app/1150690/OMORI/?snr=1_7_7_2300_150_11
263,狙击手：幽灵战士契约 2,84,"6,935",624.75,75,"2.499,00",2021 年 6 月 5 日,1338770,https://store.steampowered.com/app/1338770/_2/?snr=1_7_7_2300_150_11
264,Left 4 Dead,96,"40,415",76.5,90,"765,00",2008 年 11 月 18 日,500,https://store.steampowered.com/app/500/Left_4_Dead/?snr=1_7_7_2300_150_11
265,勇者斗恶龙XI S 寻觅逝去的时光 - Definitive Edition,93,"6,083",1299.35,35,"1.999,00",2020 年 12 月 5 日,1295510,https://store.steampowered.com/app/1295510/XI_S___Definitive_Edition/?snr=1_7_7_2300_150_11
266,Far Cry® 4,83,"43,076",599.8,80,"2.999,00",2014 年 11 月,298110,https://store.steampowered.com/app/298110/Far_Cry_4/?snr=1_7_7_2300_150_11
267,Thief Simulator,87,"21,716",210.0,85,"1.400,00",2018 年 11 月 10 日,704850,https://store.steampowered.com/app/704850/Thief_Simulator/?snr=1_7_7_2300_150_11
268,Core Keeper,91,"20,305",880.0,20,"1.100,00",2022 年 3 月 8 日,1621690,https://store.steampowered.com/app/1621690/Core_Keeper/?snr=1_7_7_2300_150_11
269,Barotrauma 潜渊症,93,"34,178",1950.0,25,"2.600,00",2023 年 3 月 14 日,602960,https://store.steampowered.com/app/602960/Barotrauma/?snr=1_7_7_2300_150_11
270,Generation Zero®,74,"21,863",55.99,80,"279,99",2019 年 3 月 26 日,704270,https://store.steampowered.com/app/704270/Generation_Zero/?snr=1_7_7_2300_150_11
271,Ori and the Blind Forest,95,"43,039",0.0,,,2015 年 3 月 11 日,261570,https://store.steampowered.com/app/261570/Ori_and_the_Blind_Forest/?snr=1_7_7_2300_150_11
272,Shadow of the Tomb Raider: Definitive Edition,85,"51,891",0.0,,,2018 年 9 月 15 日,750920,https://store.steampowered.com/app/750920/Shadow_of_the_Tomb_Raider_Definitive_Edition/?snr=1_7_7_2300_150_11
273,伊克西翁IXION,73,"9,511",1560.0,35,"2.400,00",2022 年 12 月 8 日,1113120,https://store.steampowered.com/app/1113120/IXION/?snr=1_7_7_2300_150_11
274,Police Simulator: Patrol Officers,84,"10,324",1575.0,25,"2.100,00",2022 年 11 月 10 日,997010,https://store.steampowered.com/app/997010/Police_Simulator_Patrol_Officers/?snr=1_7_7_2300_150_11
275,Warhammer: Vermintide 2,84,"73,335",199.8,80,"999,00",2018 年 3 月 9 日,552500,https://store.steampowered.com/app/552500/Warhammer_Vermintide_2/?snr=1_7_7_2300_150_12
276,Craftopia / 创世理想乡,80,"15,144",167.99,40,"279,99",2020 年 9 月 4 日,1307550,https://store.steampowered.com/app/1307550/Craftopia/?snr=1_7_7_2300_150_12
277,Cassette Beasts 磁带妖怪,96,"2,696",1120.0,20,"1.400,00",2023 年 4 月 26 日,1321440,https://store.steampowered.com/app/1321440/Cassette_Beasts/?snr=1_7_7_2300_150_12
278,Slime Rancher 2,95,"18,712",1596.0,25,"2.128,00",2022 年 9 月 23 日,1657630,https://store.steampowered.com/app/1657630/Slime_Rancher_2/?snr=1_7_7_2300_150_12
279,"Warhammer 40,000: Gladius - Relics of War",81,"5,804",43.99,90,"439,99",2018 年 7 月 12 日,489630,https://store.steampowered.com/app/489630/Warhammer_40000_Gladius__Relics_of_War/?snr=1_7_7_2300_150_12
280,Sniper Elite 4,91,"41,370",64.99,90,"649,99",2017 年 2 月 14 日,312660,https://store.steampowered.com/app/312660/Sniper_Elite_4/?snr=1_7_7_2300_150_12
281,Kerbal Space Program 2,51,"13,461",2560.0,20,"3.200,00",2023 年 2 月 24 日,954850,https://store.steampowered.com/app/954850/Kerbal_Space_Program_2/?snr=1_7_7_2300_150_12
282,Darkest Dungeon®,91,"109,865",525.0,70,"1.750,00",2016 年 1 月 20 日,262060,https://store.steampowered.com/app/262060/Darkest_Dungeon/?snr=1_7_7_2300_150_12
283,双点校园 ,88,"2,122",3684.33,33,"5.499,00",2022 年 8 月 9 日,1649080,https://store.steampowered.com/app/1649080/_/?snr=1_7_7_2300_150_12
284,Untitled Goose Game,95,"13,362",112.49,50,"224,99",2020 年 9 月 24 日,837470,https://store.steampowered.com/app/837470/Untitled_Goose_Game/?snr=1_7_7_2300_150_12
285,Age of Mythology: Extended Edition,92,"26,269",749.75,75,"2.999,00",2014 年 5 月 9 日,266840,https://store.steampowered.com/app/266840/Age_of_Mythology_Extended_Edition/?snr=1_7_7_2300_150_12
286,XCOM® 2,84,"63,415",50.39,90,"503,99",2016 年 2 月 5 日,268500,https://store.steampowered.com/app/268500/XCOM_2/?snr=1_7_7_2300_150_12
287,DEVOUR,92,"48,453",320.0,20,"400,00",2021 年 1 月 28 日,1274570,https://store.steampowered.com/app/1274570/DEVOUR/?snr=1_7_7_2300_150_12
288,Ravenswatch 鸦卫奇旅,78,"3,514",2070.0,10,"2.300,00",2023 年 4 月 7 日,2071280,https://store.steampowered.com/app/2071280/Ravenswatch/?snr=1_7_7_2300_150_12
289,Knights of Honor II: Sovereign,75,"2,545",1425.0,50,"2.850,00",2022 年 12 月 7 日,736820,https://store.steampowered.com/app/736820/Knights_of_Honor_II_Sovereign/?snr=1_7_7_2300_150_12
290,初音未来 Project DIVA MEGA39’s＋,92,"9,242",2319.62,50,"4.639,24",2022 年 5 月 27 日,1761390,https://store.steampowered.com/app/1761390/_Project_DIVA_MEGA39s/?snr=1_7_7_2300_150_12
291,Aliens: Fireteam Elite,81,"15,366",919.6,60,"2.299,00",2021 年 8 月 24 日,1549970,https://store.steampowered.com/app/1549970/Aliens_Fireteam_Elite/?snr=1_7_7_2300_150_12
292,Ghostwire: Tokyo,81,"8,193",1199.6,60,"2.999,00",2022 年 3 月 25 日,1475810,https://store.steampowered.com/app/1475810/Ghostwire_Tokyo/?snr=1_7_7_2300_150_12
293,Celeste,97,"68,744",56.24,75,"224,99",2018 年 1 月 26 日,504230,https://store.steampowered.com/app/504230/Celeste/?snr=1_7_7_2300_150_12
294,EARTH DEFENSE FORCE 5,94,"6,875",227.49,65,"649,99",2019 年 7 月 11 日,1007040,https://store.steampowered.com/app/1007040/EARTH_DEFENSE_FORCE_5/?snr=1_7_7_2300_150_12
295,A Total War Saga: TROY,71,"2,101",1499.5,50,"2.999,00",2021 年 9 月 2 日,1099410,https://store.steampowered.com/app/1099410/A_Total_War_Saga_TROY/?snr=1_7_7_2300_150_12
296,SIGNALIS,96,"7,960",848.0,20,"1.060,00",2022 年 10 月 27 日,1262350,https://store.steampowered.com/app/1262350/SIGNALIS/?snr=1_7_7_2300_150_12
297,控制 - 终极合辑 / Control Ultimate Edition,88,"28,656",449.75,75,"1.799,00",2020 年 8 月 27 日,870780,https://store.steampowered.com/app/870780/____Control_Ultimate_Edition/?snr=1_7_7_2300_150_12
298,Library Of Ruina,93,"18,667",112.19,66,"329,99",2021 年 8 月 11 日,1256670,https://store.steampowered.com/app/1256670/Library_Of_Ruina/?snr=1_7_7_2300_150_12
299,Totally Accurate Battle Simulator,98,"101,172",76.49,66,"224,99",2021 年 4 月 2 日,508440,https://store.steampowered.com/app/508440/Totally_Accurate_Battle_Simulator/?snr=1_7_7_2300_150_12
